POST_NO,USERS,POST_TYPE
Post 1,top_macro,GraphImage
Post 1,manishajadhav4574,GraphImage
Post 1,_nauman.shaikh_,GraphImage
Post 1,viraj_ghanekar,GraphImage
Post 1,siddeshshinde_official,GraphImage
Post 1,udi_0596,GraphImage
Post 1,patil__02,GraphImage
Post 1,born_winner97,GraphImage
Post 1,ammu_10,GraphImage
Post 1,o7mkar,GraphImage
Post 1,appyabhijit,GraphImage
Post 1,shubhamskambli,GraphImage
Post 1,viggy_vaithiar18,GraphImage
Post 1,akkii_6,GraphImage
Post 1,ketan_chile,GraphImage
Post 1,tejas.sapale,GraphImage
Post 1,sagar.srt,GraphImage
Post 1,varunshekhar_,GraphImage
Post 1,nathsagar96,GraphImage
Post 1,vivek_niru,GraphImage
Post 1,crazysoul1607,GraphImage
Post 1,omkar_gawade,GraphImage
Post 1,shankraut_05,GraphImage
Post 1,sukalegauri,GraphImage
Post 1,sshetkar26,GraphImage
Post 1,sakshihadawale23,GraphImage
Post 1,plantedplanet_,GraphImage
Post 1,likhitsonawane,GraphImage
Post 1,kadammudita,GraphImage
Post 1,mangesh_naik,GraphImage
Post 1,being_tanmaykumar,GraphImage
Post 1,prmd.sicks9,GraphImage
Post 1,sahilrahate19,GraphImage
Post 1,saumitra_more7,GraphImage
Post 1,omtelange,GraphImage
Post 2,top_macro,GraphImage
Post 2,_nauman.shaikh_,GraphImage
Post 2,anishetty610,GraphImage
Post 2,varunshekhar_,GraphImage
Post 2,sanketshetye,GraphImage
Post 2,patil__02,GraphImage
Post 2,soham_kirdat,GraphImage
Post 2,udi_0596,GraphImage
Post 2,kadammudita,GraphImage
Post 2,appuuuuu,GraphImage
Post 2,vinayak_bahiram,GraphImage
Post 2,sagar.srt,GraphImage
Post 2,mangesh_naik,GraphImage
Post 2,adie_thenotorious1,GraphImage
Post 2,viraj_ghanekar,GraphImage
Post 2,vivek_niru,GraphImage
Post 2,sukalegauri,GraphImage
Post 2,shankraut_05,GraphImage
Post 2,sakshihadawale23,GraphImage
Post 2,pranjay_mani,GraphImage
Post 2,sshetkar26,GraphImage
Post 2,vrush2801,GraphImage
Post 2,omkar_gawade,GraphImage
Post 2,sanket.jogale,GraphImage
Post 2,viggy_vaithiar18,GraphImage
Post 2,crazysoul1607,GraphImage
Post 2,being_tanmaykumar,GraphImage
Post 2,prmd.sicks9,GraphImage
Post 2,t_h_e_wonder_woman,GraphImage
Post 2,sushil_kondgekar,GraphImage
Post 2,likhitsonawane,GraphImage
Post 3,top_macro,GraphImage
Post 3,varunshekhar_,GraphImage
Post 3,sheetal.naik.77736,GraphImage
Post 3,sanketshetye,GraphImage
Post 3,patil__02,GraphImage
Post 3,soham_kirdat,GraphImage
Post 3,likhitsonawane,GraphImage
Post 3,kadammudita,GraphImage
Post 3,gaurav_kadam_1510,GraphImage
Post 3,crazysoul1607,GraphImage
Post 3,udi_0596,GraphImage
Post 3,the_sumedh_,GraphImage
Post 3,viraj_ghanekar,GraphImage
Post 3,sach.3g,GraphImage
Post 3,o7mkar,GraphImage
Post 3,sushil_kondgekar,GraphImage
Post 3,vrush2801,GraphImage
Post 3,nathsagar96,GraphImage
Post 3,vivek_niru,GraphImage
Post 3,sagar.srt,GraphImage
Post 3,viggy_vaithiar18,GraphImage
Post 3,mangesh_naik,GraphImage
Post 3,shankraut_05,GraphImage
Post 3,prmd.sicks9,GraphImage
Post 3,appuuuuu,GraphImage
Post 3,being_tanmaykumar,GraphImage
Post 3,adie_thenotorious1,GraphImage
Post 3,raj_thumbre,GraphImage
Post 3,sshetkar26,GraphImage
Post 3,avdhoot.jpg,GraphImage
Post 3,sakshihadawale23,GraphImage
Post 4,amethystspidey,GraphVideo
Post 4,phani_raw,GraphVideo
Post 4,top_macro,GraphVideo
Post 4,wairat_abhi,GraphVideo
Post 4,kalpeshskamble,GraphVideo
Post 4,patil__02,GraphVideo
Post 4,_sneha_chavan,GraphVideo
Post 4,_nauman.shaikh_,GraphVideo
Post 4,sheetal.naik.77736,GraphVideo
Post 4,prmd.sicks9,GraphVideo
Post 4,sushil_kondgekar,GraphVideo
Post 4,omkar_gawade,GraphVideo
Post 4,likhitsonawane,GraphVideo
Post 4,gaurav_kadam_1510,GraphVideo
Post 4,anuragypanday,GraphVideo
Post 4,sukalegauri,GraphVideo
Post 4,vivek_niru,GraphVideo
Post 4,vinayaka.poojary,GraphVideo
Post 4,udi_0596,GraphVideo
Post 4,mi10_gohil,GraphVideo
Post 4,svivekkashyap,GraphVideo
Post 4,sanketshetye,GraphVideo
Post 4,shubhamskambli,GraphVideo
Post 4,vinayakdantala4213,GraphVideo
Post 4,o7mkar,GraphVideo
Post 4,sakshihadawale23,GraphVideo
Post 4,parthhursale,GraphVideo
Post 4,singhsafar,GraphVideo
Post 4,jainhardik0311,GraphVideo
Post 4,born_winner97,GraphVideo
Post 4,siddeshshinde_official,GraphVideo
Post 4,ketan_chile,GraphVideo
Post 4,adie_thenotorious1,GraphVideo
Post 4,bhaveshatwal,GraphVideo
Post 4,vrush2801,GraphVideo
Post 4,amit_150597,GraphVideo
Post 4,loharjitesh,GraphVideo
Post 4,bushra_syed111,GraphVideo
Post 4,viggy_vaithiar18,GraphVideo
Post 4,akkii_6,GraphVideo
Post 4,crazysoul1607,GraphVideo
Post 4,mangesh_naik,GraphVideo
Post 5,bloomingfyrus,GraphVideo
Post 5,umee7305,GraphVideo
Post 5,rahul.gunawat.98,GraphVideo
Post 5,the_toro_kid,GraphVideo
Post 5,ra.dheshyam619,GraphVideo
Post 5,sharukhpthan___,GraphVideo
Post 5,pankaj63054,GraphVideo
Post 5,maheshvamshi224,GraphVideo
Post 5,shahav519,GraphVideo
Post 5,_nihal_kn_,GraphVideo
Post 5,arvind_wressler,GraphVideo
Post 5,rupak9865,GraphVideo
Post 5,makwana_2615,GraphVideo
Post 5,thakarearavind,GraphVideo
Post 5,nimu583,GraphVideo
Post 5,krushant_mane,GraphVideo
Post 5,shih___an,GraphVideo
Post 5,dev_.6410,GraphVideo
Post 5,thala_gowtham_123,GraphVideo
Post 5,ashvindamor556,GraphVideo
Post 5,ankit__2001,GraphVideo
Post 5,little_master_saroj,GraphVideo
Post 5,saurabh_kanoje,GraphVideo
Post 5,sachin.kolekar.9406,GraphVideo
Post 5,553mangeshyadav,GraphVideo
Post 5,yugendra.dewangan,GraphVideo
Post 5,its_your_kannu__,GraphVideo
Post 5,phani_raw,GraphVideo
Post 5,its_me_.harsu,GraphVideo
Post 5,sidhu_hariya,GraphVideo
Post 5,pankajsood.92,GraphVideo
Post 5,the_shivam_boss,GraphVideo
Post 5,ponn7_x,GraphVideo
Post 5,amethystspidey,GraphVideo
Post 5,somu.yadav.790,GraphVideo
Post 5,zara_hayat_18,GraphVideo
Post 5,panwar.anop,GraphVideo
Post 5,h_kisho_official,GraphVideo
Post 5,anji.t.792,GraphVideo
Post 5,tayyabshaikh681,GraphVideo
Post 5,bhamniya_sanjeev_hr02,GraphVideo
Post 5,almasmkb34,GraphVideo
Post 5,maths_lover897,GraphVideo
Post 5,pratham_bantai_1310,GraphVideo
Post 5,its_me____sandeep,GraphVideo
Post 5,neymar_jr__boy__10,GraphVideo
Post 5,dhanya292,GraphVideo
Post 5,banty72885,GraphVideo
Post 5,shikareswar,GraphVideo
Post 5,ramprakash__jakhar,GraphVideo
Post 5,ahindev_s,GraphVideo
Post 5,minati131,GraphVideo
Post 5,tannu_st_tigga9060,GraphVideo
Post 5,bhomeshrao_,GraphVideo
Post 5,ar_shad3719,GraphVideo
Post 5,__funny__boy__sai,GraphVideo
Post 5,devraj_thakor_99,GraphVideo
Post 5,x_nobita94,GraphVideo
Post 5,__mr__jocker__king__,GraphVideo
Post 5,madan_op007papa,GraphVideo
Post 5,jassi__zz,GraphVideo
Post 5,vishal_yeadu1c,GraphVideo
Post 5,veeresh.varun.94,GraphVideo
Post 5,vishwask5,GraphVideo
Post 5,75_26911024,GraphVideo
Post 5,shanikumar9352,GraphVideo
Post 5,kalkiipraveen,GraphVideo
Post 5,love_02_sha_shi583,GraphVideo
Post 5,call___me__sai___king___0005,GraphVideo
Post 5,ganesh_saini_5801,GraphVideo
Post 5,adityasaintala,GraphVideo
Post 5,_laksh_2907,GraphVideo
Post 5,gaddikotesh,GraphVideo
Post 5,manumanu7760139227,GraphVideo
Post 5,gopeshkumar11,GraphVideo
Post 5,h_a_r_i._.h_a_r_a_n,GraphVideo
Post 5,druva_fan_yallu,GraphVideo
Post 5,suhani_mandal_135,GraphVideo
Post 5,manishsain667,GraphVideo
Post 5,buluparta,GraphVideo
Post 5,devarya__123456789,GraphVideo
Post 5,mahefuj.saiyad___786,GraphVideo
Post 5,varun8044,GraphVideo
Post 5,ramya_naik_ramya,GraphVideo
Post 5,arjun_siwana07,GraphVideo
Post 5,surya_single_boy225,GraphVideo
Post 5,zach_zinn12334567,GraphVideo
Post 5,babu_vaishnav2,GraphVideo
Post 5,sanjooss,GraphVideo
Post 5,902624lal,GraphVideo
Post 5,lavan8181,GraphVideo
Post 5,sanghamitrarajalaxmidas,GraphVideo
Post 5,_mr_l_u_c_i_f_e_r_,GraphVideo
Post 5,sat_y_a_d_e_v,GraphVideo
Post 5,ox_crazy_04,GraphVideo
Post 5,jagmeet.shira,GraphVideo
Post 5,prashanthshetty839,GraphVideo
Post 5,shubham__1_2,GraphVideo
Post 5,rajve_er902,GraphVideo
Post 5,gama_aali_jaatni6661,GraphVideo
Post 5,meghvanshi2091,GraphVideo
Post 5,sajebmirza009,GraphVideo
Post 5,mrs_chandru7,GraphVideo
Post 5,bhatarammutali,GraphVideo
Post 5,b_o_r_i_s_h___k_h_a_r_i_b_a_m,GraphVideo
Post 5,callme_chanti_,GraphVideo
Post 5,ll5671l,GraphVideo
Post 5,top_macro,GraphVideo
Post 5,soumimidys,GraphVideo
Post 5,subhajit.rout.902,GraphVideo
Post 5,sunilbind20,GraphVideo
Post 5,pavan______7090,GraphVideo
Post 5,sunita_lugun.691996,GraphVideo
Post 5,mandalrupa080,GraphVideo
Post 5,vinusrihari,GraphVideo
Post 5,its_ms_235ff,GraphVideo
Post 5,__choice__09,GraphVideo
Post 5,sagar.srt,GraphVideo
Post 5,sanketshetye,GraphVideo
Post 5,mumin_ay0ub_wani,GraphVideo
Post 5,kalpeshskamble,GraphVideo
Post 5,jitendrapatra56,GraphVideo
Post 5,varunshekhar_,GraphVideo
Post 5,the_messiah76,GraphVideo
Post 5,viraj_ghanekar,GraphVideo
Post 5,adi_rajgire,GraphVideo
Post 5,omkar_gawade,GraphVideo
Post 5,live_life_100percent,GraphVideo
Post 5,being_tanmaykumar,GraphVideo
Post 5,__p.r.a.t.i.k__,GraphVideo
Post 5,bhaveshatwal,GraphVideo
Post 5,vish__autoholic,GraphVideo
Post 5,appuuuuu,GraphVideo
Post 5,shubhamskambli,GraphVideo
Post 5,sujkad,GraphVideo
Post 5,o7mkar,GraphVideo
Post 5,anyaaa_16_08,GraphVideo
Post 5,pranjay_mani,GraphVideo
Post 5,___a_s_h_i_s_h_,GraphVideo
Post 5,sach.3g,GraphVideo
Post 5,sukalegauri,GraphVideo
Post 5,shankraut_05,GraphVideo
Post 5,vivek_niru,GraphVideo
Post 5,mi10_gohil,GraphVideo
Post 5,likhitsonawane,GraphVideo
Post 5,ketan_chile,GraphVideo
Post 5,adie_thenotorious1,GraphVideo
Post 5,ameynayak_1,GraphVideo
Post 5,anuragypanday,GraphVideo
Post 5,omtelange,GraphVideo
Post 5,anishetty610,GraphVideo
Post 5,sahilrahate19,GraphVideo
Post 5,born_winner97,GraphVideo
Post 5,loharjitesh,GraphVideo
Post 5,a.gudekar,GraphVideo
Post 5,appyabhijit,GraphVideo
Post 5,photographer_from_streets,GraphVideo
Post 5,vrush2801,GraphVideo
Post 5,bushra_syed111,GraphVideo
Post 5,sakshihadawale23,GraphVideo
Post 5,patil__02,GraphVideo
Post 5,_that_girl_niaa_,GraphVideo
Post 5,avirajeshvaghela,GraphVideo
Post 5,raj_thumbre,GraphVideo
Post 5,nirmit_p7,GraphVideo
Post 5,every__day__sad__boy,GraphVideo
Post 5,vinayak_bahiram,GraphVideo
Post 5,singhsafar,GraphVideo
Post 5,crazysoul1607,GraphVideo
Post 5,mangesh_naik,GraphVideo
Post 5,___hanoon_a___,GraphVideo
Post 5,parthhursale,GraphVideo
Post 5,sushil_kondgekar,GraphVideo
Post 5,viggy_vaithiar18,GraphVideo
Post 5,avya_2912,GraphVideo
Post 6,amethystspidey,GraphImage
Post 6,phani_raw,GraphImage
Post 6,top_macro,GraphImage
Post 6,jiyounart,GraphImage
Post 6,nilesh_thakur_3,GraphImage
Post 6,ammu_10,GraphImage
Post 6,nachik_8,GraphImage
Post 6,the_messiah76,GraphImage
Post 6,live_life_100percent,GraphImage
Post 6,jitendrapatra56,GraphImage
Post 6,_nauman.shaikh_,GraphImage
Post 6,svivekkashyap,GraphImage
Post 6,udi_0596,GraphImage
Post 6,sach.3g,GraphImage
Post 6,sagar.srt,GraphImage
Post 6,omkar_gawade,GraphImage
Post 6,patil__02,GraphImage
Post 6,sheetal.naik.77736,GraphImage
Post 6,shankraut_05,GraphImage
Post 6,shinde_rushikesh17,GraphImage
Post 6,varunshekhar_,GraphImage
Post 6,raj_thumbre,GraphImage
Post 6,swapniljadhav3464,GraphImage
Post 6,kadammudita,GraphImage
Post 6,saumitra_more7,GraphImage
Post 6,vrush2801,GraphImage
Post 6,sumedh.x,GraphImage
Post 6,pcmerin,GraphImage
Post 6,nirmit_p7,GraphImage
Post 6,deepak_k_mewada,GraphImage
Post 6,sushil_kondgekar,GraphImage
Post 6,parthhursale,GraphImage
Post 6,the_sumedh_,GraphImage
Post 6,viraj_ghanekar,GraphImage
Post 6,ansq1980,GraphImage
Post 6,ketan_chile,GraphImage
Post 6,viggy_vaithiar18,GraphImage
Post 6,sukalegauri,GraphImage
Post 6,crazysoul1607,GraphImage
Post 6,sshetkar26,GraphImage
Post 6,_shri_26,GraphImage
Post 6,jainhardik0311,GraphImage
Post 6,vinayak_bahiram,GraphImage
Post 6,likhitsonawane,GraphImage
Post 6,ameynayak_1,GraphImage
Post 6,sakshihadawale23,GraphImage
Post 6,mi10_gohil,GraphImage
Post 6,o7mkar,GraphImage
Post 6,mangesh_naik,GraphImage
Post 7,amethystspidey,GraphImage
Post 7,top_macro,GraphImage
Post 7,parthhursale,GraphImage
Post 7,mansi_narkar_12,GraphImage
Post 7,swapniljadhav3464,GraphImage
Post 7,viraj_ghanekar,GraphImage
Post 7,patil__02,GraphImage
Post 7,appuuuuu,GraphImage
Post 7,sushil_kondgekar,GraphImage
Post 7,pranjay_mani,GraphImage
Post 7,sagar.srt,GraphImage
Post 7,varunshekhar_,GraphImage
Post 7,shubhraje26,GraphImage
Post 7,nirmit_p7,GraphImage
Post 7,ajaykhindri1,GraphImage
Post 7,raj_thumbre,GraphImage
Post 7,o7mkar,GraphImage
Post 7,shankraut_05,GraphImage
Post 7,udi_0596,GraphImage
Post 7,mi10_gohil,GraphImage
Post 7,ketan_chile,GraphImage
Post 7,born_winner97,GraphImage
Post 7,mangesh_naik,GraphImage
Post 7,anyaaa_16_08,GraphImage
Post 7,the_sumedh_,GraphImage
Post 7,crazysoul1607,GraphImage
Post 7,serenesteps,GraphImage
Post 7,akkii_6,GraphImage
Post 7,amit_150597,GraphImage
Post 7,saumitra_more7,GraphImage
Post 7,sshetkar26,GraphImage
Post 7,bobo_pi,GraphImage
Post 7,vrush2801,GraphImage
Post 7,liudmila.sazon,GraphImage
Post 7,nathsagar96,GraphImage
Post 7,viggy_vaithiar18,GraphImage
Post 7,sakshihadawale23,GraphImage
Post 7,omkar_gawade,GraphImage
Post 7,ameynayak_1,GraphImage
Post 7,omtelange,GraphImage
Post 7,likhitsonawane,GraphImage
Post 7,sukalegauri,GraphImage
Post 7,_shri_26,GraphImage
Post 8,amethystspidey,GraphImage
Post 8,top_macro,GraphImage
Post 8,the_messiah76,GraphImage
Post 8,yash160794,GraphImage
Post 8,sagar.srt,GraphImage
Post 8,bhaveshatwal,GraphImage
Post 8,pranjay_mani,GraphImage
Post 8,sankettt____1116,GraphImage
Post 8,aditiiii__16,GraphImage
Post 8,o7mkar,GraphImage
Post 8,shankraut_05,GraphImage
Post 8,yash_kaundilya_0_8,GraphImage
Post 8,mansi_narkar_12,GraphImage
Post 8,avya_2912,GraphImage
Post 8,appuuuuu,GraphImage
Post 8,akki_2807,GraphImage
Post 8,patil__02,GraphImage
Post 8,anupghag,GraphImage
Post 8,singhsafar,GraphImage
Post 8,varunshekhar_,GraphImage
Post 8,maurya.abhi,GraphImage
Post 8,dambale_aruna,GraphImage
Post 8,varu2709,GraphImage
Post 8,ameynayak_1,GraphImage
Post 8,adarshuprabhu,GraphImage
Post 8,rahul.amberkar,GraphImage
Post 8,_shri_26,GraphImage
Post 8,wandererviking,GraphImage
Post 8,tejas.sapale,GraphImage
Post 8,mi10_gohil,GraphImage
Post 8,likhitsonawane,GraphImage
Post 8,sukalegauri,GraphImage
Post 8,omtelange,GraphImage
Post 8,sshetkar26,GraphImage
Post 8,viggy_vaithiar18,GraphImage
Post 8,anyaaa_16_08,GraphImage
Post 8,adie_thenotorious1,GraphImage
Post 8,sushil_kondgekar,GraphImage
Post 8,sakshihadawale23,GraphImage
Post 8,vrush2801,GraphImage
Post 8,ketan_chile,GraphImage
Post 8,nathsagar96,GraphImage
Post 8,vishalkukku,GraphImage
Post 8,crazysoul1607,GraphImage
Post 8,prmd.sicks9,GraphImage
Post 9,amethystspidey,GraphImage
Post 9,udi_0596,GraphImage
Post 9,nirmit_p7,GraphImage
Post 9,patil__02,GraphImage
Post 9,_nauman.shaikh_,GraphImage
Post 9,deepak_k_mewada,GraphImage
Post 9,soham_kirdat,GraphImage
Post 9,mi10_gohil,GraphImage
Post 9,sach.3g,GraphImage
Post 9,wandererviking,GraphImage
Post 9,kaus7ubhh97,GraphImage
Post 9,sheetal.naik.77736,GraphImage
Post 9,presi.denz,GraphImage
Post 9,marcovisca,GraphImage
Post 9,vrush2801,GraphImage
Post 9,mint.thanyalak,GraphImage
Post 9,_shri_26,GraphImage
Post 9,hussain_al_5aarji,GraphImage
Post 9,adie_thenotorious1,GraphImage
Post 9,sushil_kondgekar,GraphImage
Post 9,crazysoul1607,GraphImage
Post 9,sakshihadawale23,GraphImage
Post 9,sshetkar26,GraphImage
Post 9,being_tanmaykumar,GraphImage
Post 9,saumitra_more7,GraphImage
Post 9,ketan_chile,GraphImage
Post 9,svivekkashyap,GraphImage
Post 9,tejas.sapale,GraphImage
Post 9,viggy_vaithiar18,GraphImage
Post 9,likhitsonawane,GraphImage
Post 9,sukalegauri,GraphImage
Post 9,ameynayak_1,GraphImage
Post 9,prmd.sicks9,GraphImage
Post 9,patil.pramod.898,GraphImage
Post 10,amethystspidey,GraphImage
Post 10,patil__02,GraphImage
Post 10,raj_thumbre,GraphImage
Post 10,vrush2801,GraphImage
Post 10,udi_0596,GraphImage
Post 10,o7mkar,GraphImage
Post 10,varunshekhar_,GraphImage
Post 10,tejas.sapale,GraphImage
Post 10,sukalegauri,GraphImage
Post 10,the_messiah76,GraphImage
Post 10,sushil_kondgekar,GraphImage
Post 10,born_winner97,GraphImage
Post 10,mi10_gohil,GraphImage
Post 10,svivekkashyap,GraphImage
Post 10,ketan_chile,GraphImage
Post 10,crazysoul1607,GraphImage
Post 10,sakshihadawale23,GraphImage
Post 10,sheetal.naik.77736,GraphImage
Post 10,ammu_10,GraphImage
Post 10,likhitsonawane,GraphImage
Post 10,sach.3g,GraphImage
Post 10,patil_tanmay01,GraphImage
Post 10,sshetkar26,GraphImage
Post 10,appuuuuu,GraphImage
Post 10,ameynayak_1,GraphImage
Post 10,viggy_vaithiar18,GraphImage
Post 10,saumitra_more7,GraphImage
Post 11,amethystspidey,GraphImage
Post 11,colorful_yegi.s224,GraphImage
Post 11,patil__02,GraphImage
Post 11,appuuuuu,GraphImage
Post 11,_abhishek_2706_,GraphImage
Post 11,sheetal.naik.77736,GraphImage
Post 11,the_sumedh_,GraphImage
Post 11,o7mkar,GraphImage
Post 11,ganesh.akolkar_98,GraphImage
Post 11,bhaveshatwal,GraphImage
Post 11,bushra_syed111,GraphImage
Post 11,deepak_k_mewada,GraphImage
Post 11,sankettt____1116,GraphImage
Post 11,anyaaa_16_08,GraphImage
Post 11,mi10_gohil,GraphImage
Post 11,likhitsonawane,GraphImage
Post 11,prmd.sicks9,GraphImage
Post 11,nitinjoshi1684,GraphImage
Post 11,kaus7ubhh97,GraphImage
Post 11,sukalegauri,GraphImage
Post 11,crazysoul1607,GraphImage
Post 11,udi_0596,GraphImage
Post 11,omtelange,GraphImage
Post 11,_shri_26,GraphImage
Post 11,sakshihadawale23,GraphImage
Post 11,ketan_chile,GraphImage
Post 11,svivekkashyap,GraphImage
Post 11,ameynayak_1,GraphImage
Post 12,colorful_yegi.s224,GraphImage
Post 12,amethystspidey,GraphImage
Post 12,snowblade495,GraphImage
Post 12,appuuuuu,GraphImage
Post 12,sankettt____1116,GraphImage
Post 12,the_sumedh_,GraphImage
Post 12,patil__02,GraphImage
Post 12,prmd.sicks9,GraphImage
Post 12,sumedh.x,GraphImage
Post 12,s_t_i_m_i_t_9_7,GraphImage
Post 12,dambale_aruna,GraphImage
Post 12,bhaveshatwal,GraphImage
Post 12,omtelange,GraphImage
Post 12,sukalegauri,GraphImage
Post 12,the_messiah76,GraphImage
Post 12,souravdubey28,GraphImage
Post 12,adie_thenotorious1,GraphImage
Post 12,udi_0596,GraphImage
Post 12,crazysoul1607,GraphImage
Post 12,sshetkar26,GraphImage
Post 12,mi10_gohil,GraphImage
Post 12,ammu_10,GraphImage
Post 12,born_winner97,GraphImage
Post 12,svivekkashyap,GraphImage
Post 12,viggy_vaithiar18,GraphImage
Post 12,being_tanmaykumar,GraphImage
Post 12,shreyashdharpawar,GraphImage
Post 12,kadammudita,GraphImage
Post 12,_shri_26,GraphImage
Post 12,jainhardik0311,GraphImage
Post 12,ameynayak_1,GraphImage
Post 12,sakshihadawale23,GraphImage
Post 12,akhildhargalkar,GraphImage
Post 12,saumitra_more7,GraphImage
Post 12,ketan_chile,GraphImage
Post 13,phani_raw,GraphVideo
Post 13,amethystspidey,GraphVideo
Post 13,appuuuuu,GraphVideo
Post 13,sankettt____1116,GraphVideo
Post 13,the_sumedh_,GraphVideo
Post 13,prmd.sicks9,GraphVideo
Post 13,sukalegauri,GraphVideo
Post 13,patil__02,GraphVideo
Post 13,udi_0596,GraphVideo
Post 13,likhitsonawane,GraphVideo
Post 13,crazysoul1607,GraphVideo
Post 13,viggy_vaithiar18,GraphVideo
Post 13,sakshihadawale23,GraphVideo
Post 13,ameynayak_1,GraphVideo
Post 13,kaus7ubhh97,GraphVideo
Post 13,ketan_chile,GraphVideo
Post 14,amethystspidey,GraphVideo
Post 14,phani_raw,GraphVideo
Post 14,appuuuuu,GraphVideo
Post 14,sankettt____1116,GraphVideo
Post 14,prmd.sicks9,GraphVideo
Post 14,bhaveshatwal,GraphVideo
Post 14,patil__02,GraphVideo
Post 14,adie_thenotorious1,GraphVideo
Post 14,kaus7ubhh97,GraphVideo
Post 14,ammu_10,GraphVideo
Post 14,sukalegauri,GraphVideo
Post 14,mi10_gohil,GraphVideo
Post 14,ameynayak_1,GraphVideo
Post 14,likhitsonawane,GraphVideo
Post 14,anyaaa_16_08,GraphVideo
Post 14,itz_flam_boy_46,GraphVideo
Post 14,debajyoti_banerjee007,GraphVideo
Post 14,shubhraje26,GraphVideo
Post 14,sakshihadawale23,GraphVideo
Post 14,dambale_aruna,GraphVideo
Post 14,viggy_vaithiar18,GraphVideo
Post 14,born_winner97,GraphVideo
Post 15,amethystspidey,GraphImage
Post 15,sankettt____1116,GraphImage
Post 15,udi_0596,GraphImage
Post 15,patil__02,GraphImage
Post 15,adie_thenotorious1,GraphImage
Post 15,varunshekhar_,GraphImage
Post 15,crazysoul1607,GraphImage
Post 15,omkar_gawade,GraphImage
Post 15,its_aishu_13,GraphImage
Post 15,sukalegauri,GraphImage
Post 15,prmd.sicks9,GraphImage
Post 15,born_winner97,GraphImage
Post 15,sshetkar26,GraphImage
Post 15,dambale_aruna,GraphImage
Post 15,sakshihadawale23,GraphImage
Post 15,ameynayak_1,GraphImage
Post 15,shinde_rushikesh17,GraphImage
Post 15,ketan_chile,GraphImage
Post 15,likhitsonawane,GraphImage
Post 15,mi10_gohil,GraphImage
Post 15,antarikshahahah,GraphImage
Post 15,kaus7ubhh97,GraphImage
Post 15,bhaveshatwal,GraphImage
Post 15,viggy_vaithiar18,GraphImage
Post 15,tejas.sapale,GraphImage
Post 16,amethystspidey,GraphImage
Post 16,colorful_yegi.s224,GraphImage
Post 16,appuuuuu,GraphImage
Post 16,sankettt____1116,GraphImage
Post 16,soham_kirdat,GraphImage
Post 16,prathameshkadamm,GraphImage
Post 16,dambale_aruna,GraphImage
Post 16,sukalegauri,GraphImage
Post 16,the_messiah76,GraphImage
Post 16,its_aishu_13,GraphImage
Post 16,antarikshahahah,GraphImage
Post 16,born_winner97,GraphImage
Post 16,likhitsonawane,GraphImage
Post 16,crazysoul1607,GraphImage
Post 16,sakshihadawale23,GraphImage
Post 16,udi_0596,GraphImage
Post 16,being_tanmaykumar,GraphImage
Post 16,bhakti_05,GraphImage
Post 16,varunshekhar_,GraphImage
Post 16,ketan_chile,GraphImage
Post 16,sshetkar26,GraphImage
Post 16,kadammudita,GraphImage
Post 16,omtelange,GraphImage
Post 16,viggy_vaithiar18,GraphImage
Post 16,prmd.sicks9,GraphImage
Post 16,ameynayak_1,GraphImage
Post 16,avanikadamdamdam,GraphImage
Post 16,patil.pramod.898,GraphImage
Post 17,amethystspidey,GraphVideo
Post 17,phani_raw,GraphVideo
Post 17,colorful_yegi.s224,GraphVideo
Post 17,appuuuuu,GraphVideo
Post 17,sankettt____1116,GraphVideo
Post 17,dambale_aruna,GraphVideo
Post 17,antarikshahahah,GraphVideo
Post 17,_mukesh.10_,GraphVideo
Post 17,patil__02,GraphVideo
Post 17,bushra_syed111,GraphVideo
Post 17,viggy_vaithiar18,GraphVideo
Post 17,sukalegauri,GraphVideo
Post 17,bhaveshatwal,GraphVideo
Post 17,udi_0596,GraphVideo
Post 17,mi10_gohil,GraphVideo
Post 17,_shri_26,GraphVideo
Post 17,sakshihadawale23,GraphVideo
Post 17,being_tanmaykumar,GraphVideo
Post 17,varunshekhar_,GraphVideo
Post 17,avanikadamdamdam,GraphVideo
Post 17,ameynayak_1,GraphVideo
Post 18,phani_raw,GraphVideo
Post 18,colorful_yegi.s224,GraphVideo
Post 18,sankettt____1116,GraphVideo
Post 18,sakshihadawale23,GraphVideo
Post 18,antarikshahahah,GraphVideo
Post 18,avanikadamdamdam,GraphVideo
Post 18,likhitsonawane,GraphVideo
Post 18,mi10_gohil,GraphVideo
Post 18,viggy_vaithiar18,GraphVideo
Post 18,ketan_chile,GraphVideo
Post 18,varunshekhar_,GraphVideo
Post 18,bhaveshatwal,GraphVideo
Post 19,phani_raw,GraphSidecar
Post 19,sankettt____1116,GraphSidecar
Post 19,being_tanmaykumar,GraphSidecar
Post 19,bhaveshatwal,GraphSidecar
Post 19,jainhardik0311,GraphSidecar
Post 19,crazysoul1607,GraphSidecar
Post 19,kadammudita,GraphSidecar
Post 19,deepak_k_mewada,GraphSidecar
Post 19,kaus7ubhh97,GraphSidecar
Post 19,bushra_syed111,GraphSidecar
Post 19,varunshekhar_,GraphSidecar
Post 19,_that_girl_niaa_,GraphSidecar
Post 19,its_nitin_pr,GraphSidecar
Post 19,sshetkar26,GraphSidecar
Post 19,avanikadamdamdam,GraphSidecar
Post 19,likith__sidharth,GraphSidecar
Post 19,born_winner97,GraphSidecar
Post 19,viggy_vaithiar18,GraphSidecar
Post 19,mi10_gohil,GraphSidecar
Post 19,ketan_chile,GraphSidecar
Post 19,saumitra_more7,GraphSidecar
Post 19,likhitsonawane,GraphSidecar
Post 19,prmd.sicks9,GraphSidecar
Post 20,phani_raw,GraphImage
Post 20,colorful_yegi.s224,GraphImage
Post 20,sankettt____1116,GraphImage
Post 20,bhaveshatwal,GraphImage
Post 20,viggy_vaithiar18,GraphImage
Post 20,likhitsonawane,GraphImage
Post 20,crazysoul1607,GraphImage
Post 20,born_winner97,GraphImage
Post 20,deepak_k_mewada,GraphImage
Post 20,prmd.sicks9,GraphImage
Post 20,likith__sidharth,GraphImage
Post 20,__anushkabhalerao__,GraphImage
Post 20,bushra_syed111,GraphImage
Post 20,mi10_gohil,GraphImage
Post 20,being_tanmaykumar,GraphImage
